peptide,AmyLoad,ThT,Vytautas,Marlena_stare,Marlena_nowe
NNSGPN,tak,nie,może,słaba jakość,
QANKHI,tak,nie,może,słaba jakość,
QEMRHF,tak,nie,słaba jakość,słaba jakość,
MMHFGN,tak,nie,może,słaba jakość,
ALEEYT,tak,nie,słaba jakość,nie,
HGFNQQ,tak,nie,nie,słaba jakość,nie
ASSSNY,tak,nie,może,nie,nie
HSSNNF,tak,nie,może,nie,nie
MIENIQ,tak,nie,może,tak,
NIFNIT,tak,tak,słaba jakość,tak,nie
MIHFGN,tak,nie,słaba jakość,nie,nie?
HLFNLT,tak,tak,słaba jakość,nie,nie?
STVVIE,nie,tak,tak,tak,tak
ELNIYQ,nie,nie,może,słaba jakość,tak
FTFIQF,tak,tak,tak,może,tak
WSFYLL,nie,tak,tak,tak,tak?
YYTEFT,nie,nie,tak,może,nie
NTIFVQ,nie,tak,tak,tak,tak
DETVIV,nie,nie,tak,tak,nie?
FTPTEK,nie,nie,słaba jakość,słaba jakość,nie
FQKQQK,nie,nie,słaba jakość,nie,
FGELFE,nie,nie,tak,tak,nie
SHVIIE,nie,tak,tak,słaba jakość,
STTIIE,nie,tak,tak,słaba jakość,tak
-,,,,,
