peptide,AmyLoad,ThT,Vytautas,Marlena
NNSGPN,tak,nie,może,słaba jakość
QANKHI,tak,nie,może,słaba jakość
QEMRHF,tak,nie,słaba jakość,słaba jakość
MMHFGN,tak,nie,może,słaba jakość
ALEEYT,tak,nie,słaba jakość,nie
HGFNQQ,tak,nie,nie,słaba jakość
ASSSNY,tak,nie,może,nie
HSSNNF,tak,nie,może,nie
MIENIQ,tak,nie,może,tak
NIFNIT,tak,tak,słaba jakość,tak
MIHFGN,tak,nie,słaba jakość,nie
HLFNLT,tak,tak,słaba jakość,nie
STVVIE,nie,tak,tak,tak
ELNIYQ,nie,nie,może,słaba jakość
FTFIQF,tak,tak,tak,może
WSFYLL,nie,tak,tak,tak
YYTEFT,nie,nie,tak,może
NTIFVQ,nie,tak,tak,tak
DETVIV,nie,nie,tak,tak
FTPTEK,nie,nie,słaba jakość,słaba jakość
FQKQQK,nie,nie,słaba jakość,nie
FGELFE,nie,nie,tak,tak
SHVIIE,nie,tak,tak,słaba jakość
STTIIE,nie,tak,tak,słaba jakość
